City_ID,City,Country,Lat,Lng,Max Temp,Humidity,Cloudiness,Wind Speed,Current Description
0,Hilo,US,19.7297,-155.09,75.27,97,100,6.91,light rain
1,Busselton,AU,-33.65,115.3333,60.91,67,33,11.43,scattered clouds
2,Hermanus,ZA,-34.4187,19.2345,51.8,66,97,17.56,light rain
3,Kapaa,US,22.0752,-159.319,73.72,87,100,17.27,overcast clouds
4,Provideniya,RU,64.3833,-173.3,35.4,96,99,5.57,light rain
5,Ushuaia,AR,-54.8,-68.3,40.62,81,0,4.61,clear sky
6,Atuona,PF,-9.8,-139.0333,77.27,73,39,19.8,scattered clouds
7,La Ciotat,FR,43.1748,5.6045,91.8,75,16,9.13,few clouds
8,Bahia Blanca,AR,-38.7196,-62.2724,58.78,41,100,11.68,overcast clouds
9,Vaini,TO,-21.2,-175.2,69.96,100,20,3.44,few clouds
10,Sturgis,US,41.7992,-85.4192,89.85,77,0,5.75,clear sky
11,Grand Forks,US,47.9417,-97.4337,69.78,88,75,10.36,broken clouds
12,Rikitea,PF,-23.1203,-134.9692,73.08,70,26,9.51,scattered clouds
13,Mataura,NZ,-46.1927,168.8643,43.48,92,100,13.42,light rain
14,Bustamante,MX,26.5333,-100.5,92.14,33,39,13.49,scattered clouds
15,Mattru,SL,7.6244,-11.8332,81.63,71,98,5.08,light rain
16,Srednekolymsk,RU,67.45,153.6833,60.71,42,0,4.25,clear sky
17,Progreso,MX,21.2833,-89.6667,87.91,57,56,11.9,broken clouds
18,Longyearbyen,SJ,78.2186,15.6401,44.44,61,40,19.57,scattered clouds
19,Kavaratti,IN,10.5669,72.642,83.39,77,94,13.13,overcast clouds
20,Yellowknife,CA,62.456,-114.3525,70.32,43,75,6.91,broken clouds
21,Asau,RO,46.4333,26.4,67.12,72,92,3.24,overcast clouds
22,Baoding,CN,38.8511,115.4903,69.46,68,9,4.21,clear sky
23,Saint-Augustin,CA,51.226,-58.6502,68.76,44,68,12.53,broken clouds
24,Port Alfred,ZA,-33.5906,26.891,60.19,47,69,3.0,broken clouds
25,Rafsanjan,IR,30.4067,55.9939,93.24,13,67,6.13,broken clouds
26,Mar Del Plata,AR,-38.0023,-57.5575,60.1,64,0,13.8,clear sky
27,Punta Arenas,CL,-53.15,-70.9167,39.31,81,0,6.91,clear sky
28,Kruisfontein,ZA,-34.0033,24.7314,57.88,77,92,24.65,light rain
29,Lagoa,PT,39.05,-27.9833,63.46,77,65,11.61,broken clouds
30,Albany,US,42.6001,-73.9662,78.93,48,29,7.16,scattered clouds
31,Butaritari,KI,3.0707,172.7902,82.02,72,95,13.06,overcast clouds
32,Brae,GB,60.3964,-1.353,52.63,90,100,15.52,overcast clouds
33,Georgetown,MY,5.4112,100.3354,82.89,91,20,5.99,few clouds
34,Albert Lea,US,43.648,-93.3683,89.83,45,0,24.16,clear sky
35,Saskylakh,RU,71.9167,114.0833,46.65,62,94,13.2,overcast clouds
36,Senno,RU,59.5336,33.9167,70.27,48,97,10.65,overcast clouds
37,Balkanabat,TM,39.5108,54.3671,90.91,31,0,6.33,clear sky
38,Ancud,CL,-41.8697,-73.8203,49.23,81,52,7.43,light rain
39,Cocentaina,ES,38.7398,-0.4398,91.27,54,26,7.83,scattered clouds
40,Arraial Do Cabo,BR,-22.9661,-42.0278,71.56,64,75,10.36,broken clouds
41,Coleraine,GB,55.1333,-6.6667,60.71,76,99,2.71,overcast clouds
42,Goshen,US,41.5823,-85.8344,91.81,77,29,10.29,scattered clouds
43,Codrington,AU,-38.2667,141.9667,50.5,75,100,20.96,light rain
44,Port Elizabeth,ZA,-33.918,25.5701,61.09,67,20,18.41,few clouds
45,San Juan Bautista,PE,-14.0108,-75.7358,70.7,49,80,2.84,broken clouds
46,Mahebourg,MU,-20.4081,57.7,73.69,64,40,13.8,scattered clouds
47,Barrow,US,71.2906,-156.7887,33.82,86,75,11.5,broken clouds
48,Hobyo,SO,5.3505,48.5268,79.72,78,5,29.33,clear sky
49,Yar-Sale,RU,66.8333,70.8333,54.12,67,83,5.99,broken clouds
50,Panorama,GR,40.5878,23.0315,75.69,67,20,5.75,few clouds
51,Qaanaaq,GL,77.484,-69.3632,30.43,66,48,1.32,scattered clouds
52,Avarua,CK,-21.2078,-159.775,75.25,83,75,6.91,broken clouds
53,Cape Town,ZA,-33.9258,18.4232,54.27,88,75,4.61,light rain
54,Korla,CN,41.7597,86.1469,87.28,6,78,4.36,broken clouds
55,Tiksi,RU,71.6872,128.8694,45.68,69,96,6.24,overcast clouds
56,Puntarenas,CR,9.9763,-84.8384,81.66,76,93,10.18,overcast clouds
57,Cabo San Lucas,MX,22.8909,-109.9124,90.7,30,0,0.0,clear sky
58,Jamestown,US,42.097,-79.2353,79.05,62,80,3.0,broken clouds
59,Puerto Ayora,EC,-0.7393,-90.3518,80.56,89,85,7.0,overcast clouds
60,Collie,AU,-33.3667,116.15,51.8,93,47,4.7,scattered clouds
61,Bambous Virieux,MU,-20.3428,57.7575,73.65,64,40,13.8,scattered clouds
62,Griffith,US,41.5284,-87.4237,93.88,64,0,8.05,clear sky
63,Kodiak,US,57.79,-152.4072,49.51,87,100,0.0,light rain
64,Airai,TL,-8.9266,125.4092,58.62,96,98,3.2,overcast clouds
65,Praya,CV,14.9215,-23.5087,81.14,57,20,19.57,few clouds
66,Castro,BR,-24.7911,-50.0119,60.57,59,36,7.43,scattered clouds
67,Tilichiki,RU,60.4667,166.1,44.6,76,40,4.45,scattered clouds
68,Launceston,AU,-41.45,147.1667,49.15,93,100,5.75,light rain
69,Hobart,AU,-42.8794,147.3294,44.06,88,100,8.05,overcast clouds
70,Batagay,RU,67.6333,134.6333,56.17,66,100,3.0,overcast clouds
71,Torbay,CA,47.6666,-52.7314,50.29,87,100,12.66,overcast clouds
72,Talnakh,RU,69.4865,88.3972,67.93,49,76,6.06,broken clouds
73,Grindavik,IS,63.8424,-22.4338,52.27,66,75,21.85,broken clouds
74,Bredasdorp,ZA,-34.5322,20.0403,52.95,77,92,15.19,light rain
75,Ilulissat,GL,69.2167,-51.1,37.42,65,40,9.22,scattered clouds
76,Baghdad,IQ,33.3406,44.4009,98.51,19,0,6.91,clear sky
77,East London,ZA,-33.0153,27.9116,61.74,82,0,8.05,clear sky
78,Pochutla,MX,15.7432,-96.4661,88.83,60,38,4.94,scattered clouds
79,Saldanha,ZA,-33.0117,17.9442,53.65,75,17,16.15,light rain
80,Necochea,AR,-38.5473,-58.7368,59.85,49,100,12.66,overcast clouds
81,Tasiilaq,GL,65.6145,-37.6368,39.36,84,79,18.77,broken clouds
82,Deputatskiy,RU,69.3,139.9,53.98,60,88,4.03,overcast clouds
83,Severo-Kurilsk,RU,50.6789,156.125,44.85,92,100,7.34,overcast clouds
84,Iqaluit,CA,63.7506,-68.5145,40.73,81,75,6.91,broken clouds
85,Sao Gabriel Da Cachoeira,BR,-0.1303,-67.0892,75.0,94,100,2.3,overcast clouds
86,Hasaki,JP,35.7333,140.8333,63.0,86,100,14.85,light rain
87,Hambantota,LK,6.1241,81.1185,80.62,82,100,12.62,light rain
88,Salalah,OM,17.0151,54.0924,86.09,84,75,10.36,broken clouds
89,Victoria,HK,22.2855,114.1577,79.97,90,100,4.0,overcast clouds
90,Cidreira,BR,-30.1811,-50.2056,64.44,74,0,13.8,clear sky
91,Goderich,CA,43.7501,-81.7165,77.32,41,6,9.22,clear sky
92,Kalmunai,LK,7.4167,81.8167,75.33,86,93,8.19,moderate rain
93,Faanui,PF,-16.4833,-151.75,79.72,71,100,19.75,overcast clouds
94,Sur,OM,22.5667,59.5289,86.68,67,19,15.14,few clouds
95,Araouane,ML,18.9048,-3.5265,109.45,9,82,11.39,broken clouds
96,Katsuura,JP,35.1333,140.3,63.5,89,100,17.16,light rain
97,Yaan,NG,7.3833,8.5667,83.97,67,99,2.17,overcast clouds
98,Hithadhoo,MV,-0.6,73.0833,83.37,67,38,2.1,scattered clouds
99,Arman,RU,59.7,150.1667,44.02,95,100,1.61,light rain
100,Luena,AO,-11.7833,19.9167,64.44,36,22,2.37,few clouds
101,Vila Do Maio,CV,15.1333,-23.2167,81.39,83,88,14.32,overcast clouds
102,Novyy Urengoy,RU,66.0833,76.6333,60.39,79,100,9.37,overcast clouds
103,Neftcala,AZ,39.3742,49.2472,75.49,62,0,7.85,clear sky
104,Zhicheng,CN,30.2956,111.5047,76.39,74,98,3.85,light rain
105,Vanimo,PG,-2.6741,141.3028,76.75,90,48,6.51,scattered clouds
106,Tezu,IN,27.9167,96.1667,72.91,99,100,2.66,overcast clouds
107,Luderitz,NA,-26.6481,15.1594,59.41,72,1,2.44,clear sky
108,New Norfolk,AU,-42.7826,147.0587,43.72,83,100,3.04,overcast clouds
109,Chuy,UY,-33.6971,-53.4616,63.41,65,28,7.96,scattered clouds
110,Nuuk,GL,64.1835,-51.7216,43.41,39,75,23.02,broken clouds
111,Sioux Lookout,CA,50.1001,-91.917,62.67,94,100,13.8,thunderstorm with heavy rain
112,Fortuna,US,40.5982,-124.1573,60.93,72,75,9.22,broken clouds
113,Yulara,AU,-25.2406,130.9889,58.46,49,2,5.19,clear sky
114,Weymouth,US,42.2209,-70.9398,81.55,44,20,9.22,few clouds
115,Naze,JP,28.3667,129.4833,74.32,87,100,13.42,overcast clouds
116,Ferkessedougou,CI,9.6,-5.2,90.75,44,100,4.63,overcast clouds
117,Aklavik,CA,68.2191,-135.0107,50.97,48,36,5.19,scattered clouds
118,Keningau,MY,5.3378,116.1602,70.57,99,100,1.77,overcast clouds
119,Xining,CN,36.6167,101.7667,58.14,35,8,3.58,clear sky
120,Cherskiy,RU,68.75,161.3,55.85,46,7,3.02,clear sky
121,Balezino,RU,57.9796,53.0106,60.55,80,75,4.27,broken clouds
122,Coracao De Jesus,BR,-16.6853,-44.365,78.19,46,51,8.59,broken clouds
123,Dikson,RU,73.5069,80.5464,32.63,87,43,9.17,scattered clouds
124,Hokitika,NZ,-42.7167,170.9667,49.05,78,100,14.67,overcast clouds
125,Manokwari,ID,-0.8667,134.0833,79.39,73,99,3.31,overcast clouds
126,San Quintin,MX,30.4833,-115.95,67.73,67,14,9.46,few clouds
127,Bubaque,GW,11.2833,-15.8333,78.08,85,94,9.75,overcast clouds
128,Caravelas,BR,-17.7125,-39.2481,74.88,68,29,10.67,scattered clouds
129,Vaitape,PF,-16.5167,-151.75,79.68,71,100,19.77,overcast clouds
130,Nanae,JP,41.8833,140.6833,50.38,93,100,7.31,overcast clouds
131,Chokurdakh,RU,70.6333,147.9167,59.94,40,41,9.19,scattered clouds
132,Ghindari,RO,46.5,24.9167,70.43,62,57,5.61,broken clouds
133,Alice Springs,AU,-23.7,133.8833,45.95,71,0,4.61,clear sky
134,Berlevag,NO,70.8578,29.0864,42.8,81,100,11.5,overcast clouds
135,Roma,US,43.2128,-75.4557,77.5,50,0,11.5,clear sky
136,Ilovlya,RU,49.3033,43.9796,72.05,40,9,7.9,clear sky
137,Zarichne,UA,51.8126,26.129,59.59,66,33,11.14,scattered clouds
138,Jining,CN,35.405,116.5814,72.28,54,4,5.77,clear sky
139,Tefe,BR,-3.3542,-64.7114,78.91,83,100,3.44,overcast clouds
140,Arona,ES,28.0996,-16.681,68.99,57,40,14.97,scattered clouds
141,Brufut,GM,13.3814,-16.7518,87.89,62,75,12.66,broken clouds
142,Manaure,CO,11.7751,-72.4445,87.94,56,100,16.42,overcast clouds
143,San Rafael,AR,-34.6177,-68.3301,61.79,19,50,11.74,scattered clouds
144,Carutapera,BR,-1.195,-46.02,82.51,74,84,9.73,broken clouds
145,Acapulco,MX,16.8634,-99.8901,85.82,66,75,11.5,broken clouds
146,Teya,RU,60.3778,92.6267,58.28,95,97,2.8,overcast clouds
147,Half Moon Bay,US,37.4636,-122.4286,78.87,55,0,0.0,clear sky
148,Kirkenaer,NO,60.4564,12.0582,69.31,33,62,4.36,broken clouds
149,Bluff,NZ,-46.6,168.3333,43.81,74,94,36.82,light rain
150,Ribeira Brava,PT,32.65,-17.0667,72.23,63,8,7.81,clear sky
151,Saint-Philippe,RE,-21.3585,55.7679,71.19,70,37,13.15,scattered clouds
152,Bulaevo,KZ,54.9056,70.4439,52.39,84,97,11.18,overcast clouds
153,Eshowe,ZA,-28.8865,31.4699,64.8,39,100,3.36,overcast clouds
154,Los Llanos De Aridane,ES,28.6585,-17.9182,71.35,75,20,11.99,few clouds
155,Byron Bay,AU,-28.65,153.6167,56.95,89,6,5.91,clear sky
156,Andenes,NO,69.3143,16.1194,46.38,87,75,14.97,broken clouds
157,College,US,64.8569,-147.8028,57.09,70,40,0.0,smoke
158,Sars,RU,56.5502,57.1366,54.7,85,54,4.27,broken clouds
159,Kutum,SD,14.2,24.6667,88.47,27,100,3.94,overcast clouds
160,Conceicao Do Araguaia,BR,-8.2578,-49.2647,88.61,47,61,8.25,broken clouds
161,Tuktoyaktuk,CA,69.4541,-133.0374,41.0,65,20,5.75,few clouds
162,Port Blair,IN,11.6667,92.75,80.64,89,40,2.3,mist
163,Kulhudhuffushi,MV,6.6221,73.07,83.08,76,85,13.94,overcast clouds
164,Petropavlovsk-Kamchatskiy,RU,53.0452,158.6483,34.39,100,20,2.24,fog
165,Ribeira Grande,PT,38.5167,-28.7,68.4,77,20,12.66,few clouds
166,Sao Filipe,CV,14.8961,-24.4956,76.84,65,90,16.31,overcast clouds
167,Boyolangu,ID,-8.1181,111.8935,75.29,94,82,1.23,light rain
168,Nikolskoye,RU,59.7035,30.7861,58.91,92,100,10.25,overcast clouds
169,Kavieng,PG,-2.5744,150.7967,81.23,77,83,11.56,light rain
170,Behshahr,IR,36.6923,53.5526,76.95,73,0,3.4,clear sky
171,Bairiki,KI,1.3292,172.9752,80.6,74,75,6.91,broken clouds
172,Saint Anthony,US,45.0205,-93.218,90.25,60,0,25.32,clear sky
173,Todos Santos,MX,23.45,-110.2167,75.78,61,1,8.39,clear sky
174,Sept-Iles,CA,50.2001,-66.3821,62.06,70,75,10.36,broken clouds
175,Sucre,BO,-19.0333,-65.2627,61.25,14,0,3.94,clear sky
176,Tommot,RU,58.9564,126.2925,49.51,94,69,2.8,light rain
177,Maragua,KE,-0.7833,37.1333,64.51,67,26,1.97,scattered clouds
178,Sainte-Maxime,FR,43.3,6.6333,89.76,71,9,3.96,clear sky
179,Bengkulu,ID,-3.8004,102.2655,75.88,89,78,4.05,light rain
180,Bethel,US,41.3712,-73.414,79.18,52,0,11.5,clear sky
181,Champerico,GT,14.3,-91.9167,82.94,80,100,5.97,overcast clouds
182,Richards Bay,ZA,-28.783,32.0377,73.04,36,100,10.85,overcast clouds
183,Tuatapere,NZ,-46.1333,167.6833,44.15,78,83,19.66,broken clouds
184,Sobolevo,RU,54.4299,31.8996,55.99,80,15,13.44,few clouds
185,La Seyne-Sur-Mer,FR,43.0982,5.8847,79.61,76,5,3.0,clear sky
186,Olafsvik,IS,64.8945,-23.7142,49.3,71,68,17.81,broken clouds
187,Lebu,CL,-37.6167,-73.65,49.95,95,100,10.74,overcast clouds
188,Mvuma,ZW,-19.2792,30.5283,56.35,47,1,4.18,clear sky
189,Nizhniy Bestyakh,RU,61.9594,129.9086,53.08,81,40,2.24,scattered clouds
190,Tigil,RU,57.8,158.6667,38.59,86,48,1.97,scattered clouds
191,Cornwall,CA,45.0181,-74.7281,76.24,53,20,8.05,few clouds
192,Kaitangata,NZ,-46.2817,169.8464,41.22,93,97,18.28,overcast clouds
193,Pafos,CY,34.7667,32.4167,76.78,73,20,4.61,few clouds
194,Vaxjo,SE,56.8777,14.8091,63.63,55,100,6.91,overcast clouds
195,Autun,FR,46.95,4.3,79.81,35,81,4.5,broken clouds
196,Mount Gambier,AU,-37.8333,140.7667,49.69,79,83,12.68,broken clouds
197,Clyde River,CA,70.4692,-68.5914,37.63,81,0,6.91,clear sky
198,Fairbanks,US,64.8378,-147.7164,57.09,70,40,0.0,smoke
199,Zhezkazgan,KZ,47.8043,67.7144,70.38,30,38,13.49,scattered clouds
200,Alta Floresta,BR,-9.8756,-56.0861,93.02,38,0,3.44,clear sky
201,Feltre,IT,46.0235,11.907,83.17,59,55,3.27,broken clouds
202,Karacabey,TR,40.2152,28.4038,79.18,63,5,8.63,clear sky
203,Singkang,MY,2.1006,102.7994,74.84,91,21,2.39,few clouds
204,Ehingen,DE,48.2826,9.7275,75.38,29,40,6.91,scattered clouds
205,Burnie,AU,-41.0667,145.9167,53.92,79,100,13.71,light rain
206,Klaksvik,FO,62.2266,-6.589,52.72,98,97,11.18,overcast clouds
207,Souillac,MU,-20.5167,57.5167,73.78,64,40,13.8,scattered clouds
208,Rudnichnyy,RU,59.617,52.4703,63.23,72,67,5.08,broken clouds
209,Skibbereen,IE,51.55,-9.2667,59.11,67,98,9.6,overcast clouds
210,Faya,SA,18.3851,42.4509,84.72,37,94,4.27,overcast clouds
211,Pemba,MZ,-12.974,40.5178,77.7,83,20,9.22,few clouds
212,Hirara,JP,24.8,125.2833,81.37,82,100,7.49,overcast clouds
213,Wahiawa,US,21.5028,-158.0236,72.86,71,100,5.75,overcast clouds
214,Esperance,AU,-33.8667,121.9,54.66,75,8,11.7,clear sky
215,Thinadhoo,MV,0.5333,72.9333,83.64,68,54,4.63,broken clouds
216,Saint George,US,37.1041,-113.5841,76.62,23,0,5.01,clear sky
217,Anadyr,RU,64.75,177.4833,30.7,92,40,4.47,scattered clouds
218,Norrkoping,SE,58.5942,16.1826,69.19,66,40,8.05,scattered clouds
219,Greenwood,US,34.1668,-82.1165,82.76,83,20,0.0,few clouds
220,Monte Santo,BR,-10.4378,-39.3328,81.91,48,85,10.22,overcast clouds
221,Vardo,NO,70.3705,31.1107,44.58,81,100,10.36,overcast clouds
222,Meulaboh,ID,4.1363,96.1285,75.47,94,100,3.51,heavy intensity rain
223,Paracatu,BR,-17.2222,-46.8747,83.12,33,31,6.87,scattered clouds
224,Jiwani,PK,25.05,61.7417,82.87,84,3,10.74,clear sky
225,Port Hedland,AU,-20.3167,118.5667,66.25,55,40,6.91,scattered clouds
226,Lunino,RU,53.5918,45.2271,63.75,77,17,6.31,few clouds
227,Leningradskiy,RU,69.3833,178.4167,31.05,97,95,7.38,snow
228,Portland,US,45.5234,-122.6762,58.98,80,75,8.05,broken clouds
229,Lamu,KE,-2.2717,40.902,79.02,80,1,13.62,clear sky
230,Coahuayana,MX,18.7333,-103.6833,85.73,60,100,2.77,overcast clouds
231,Sitka,US,57.0531,-135.33,51.69,71,100,6.91,overcast clouds
232,Khromtau,KZ,50.2503,58.4347,62.08,60,65,7.4,broken clouds
233,Mayo,US,38.8876,-76.5119,76.75,80,100,8.05,overcast clouds
234,Taoudenni,ML,22.6783,-3.9836,109.27,6,0,11.9,clear sky
235,Adre,TD,13.4667,22.2,89.78,36,62,4.79,broken clouds
236,Monzon,ES,41.9108,0.1941,96.22,21,35,13.56,scattered clouds
237,Marmora,IT,44.4583,7.094,73.87,57,88,2.42,overcast clouds
238,Emerald,AU,-23.5333,148.1667,50.34,74,0,4.99,clear sky
239,Vesoul,FR,47.5833,5.8333,85.01,64,94,4.18,overcast clouds
240,Bandarbeyla,SO,9.4942,50.8122,79.39,76,27,32.17,scattered clouds
241,Khani,GE,41.9563,42.9566,67.57,97,100,1.41,overcast clouds
242,Jalu,LY,29.0331,21.5482,89.51,26,0,11.1,clear sky
243,Norman Wells,CA,65.282,-126.8329,50.04,76,75,5.75,broken clouds
244,Husavik,IS,66.0449,-17.3389,48.24,91,87,7.02,overcast clouds
245,Hofn,IS,64.2539,-15.2082,50.34,76,52,15.86,broken clouds
246,Port Hardy,CA,50.6996,-127.4199,51.98,82,100,5.75,overcast clouds
247,Cochrane,CA,51.1834,-114.4687,47.44,81,100,19.57,moderate rain
248,Nyandoma,RU,61.669,40.1991,63.57,61,64,3.98,broken clouds
249,Langsa,ID,4.4683,97.9683,74.82,94,95,2.26,overcast clouds
250,Kudat,MY,6.8837,116.8477,82.33,78,20,3.44,few clouds
251,Vagur,FO,61.4732,-6.8119,48.74,99,98,13.96,light rain
252,Lompoc,US,34.6391,-120.4579,79.93,51,0,17.27,clear sky
253,Poum,NC,-20.2333,164.0167,75.4,83,8,8.34,clear sky
254,Yazd,IR,31.8972,54.3675,98.71,10,20,2.3,few clouds
255,Abu Zabad,SD,12.35,29.25,93.87,31,86,6.17,overcast clouds
256,Laredo,US,27.5064,-99.5075,88.09,55,0,26.46,clear sky
257,Nizhnevartovsk,RU,60.9344,76.5531,57.22,94,40,4.47,scattered clouds
258,Mount Isa,AU,-20.7333,139.5,53.37,43,0,4.61,clear sky
259,Queanbeyan,AU,-35.35,149.2333,37.47,95,16,0.0,few clouds
260,Narsaq,GL,60.9167,-46.05,53.82,45,92,7.96,overcast clouds
261,Flinders,AU,-34.5833,150.8552,47.25,84,0,1.99,clear sky
262,Westport,US,41.1415,-73.3579,79.86,53,91,3.0,overcast clouds
263,Yumen,CN,40.2833,97.2,73.54,7,32,8.93,scattered clouds
264,Weinan,CN,34.5036,109.5089,78.03,19,0,3.02,clear sky
265,Sisimiut,GL,66.9395,-53.6735,37.56,63,7,25.46,clear sky
266,Colwyn Bay,GB,53.2948,-3.7267,66.56,55,96,5.01,overcast clouds
267,Lata,PT,40.1629,-8.3327,87.49,48,93,6.71,overcast clouds
268,Qingdao,CN,36.0986,120.3719,64.0,100,95,2.24,fog
269,Mujiayingzi,CN,42.1167,118.7833,57.74,88,100,3.13,overcast clouds
270,Gerash,IR,27.6652,54.1371,95.14,22,1,4.61,clear sky
271,Beaumont,US,30.0861,-94.1019,93.18,58,75,13.8,broken clouds
272,Batagay-Alyta,RU,67.8006,130.4114,54.5,54,100,4.63,overcast clouds
273,Namatanai,PG,-3.6667,152.4333,78.42,82,25,7.02,scattered clouds
274,North Bay,CA,46.3168,-79.4663,75.22,56,20,12.66,few clouds
275,Evensk,RU,61.95,159.2333,42.28,93,0,2.51,clear sky
276,Yantai,CN,37.5333,121.4,63.77,95,100,4.99,overcast clouds
277,Tagusao,PH,9.1924,117.8141,80.49,76,94,5.66,overcast clouds
278,Ambilobe,MG,-13.2,49.05,73.36,76,26,4.65,scattered clouds
279,Linqiong,CN,30.4159,103.4609,73.22,62,100,1.83,overcast clouds
280,Nabire,ID,-3.3667,135.4833,75.31,91,65,2.89,broken clouds
281,Rio Gallegos,AR,-51.6226,-69.2181,39.25,81,0,11.5,clear sky
282,Beloha,MG,-25.1667,45.05,67.28,73,2,8.03,clear sky
283,Margate,GB,51.3813,1.3862,71.11,63,0,1.01,clear sky
284,Andrelandia,BR,-21.7397,-44.3092,68.83,41,58,3.49,broken clouds
285,Itoman,JP,26.1247,127.6694,79.57,96,100,21.85,light intensity shower rain
286,Avera,US,33.194,-82.5271,97.38,36,60,6.78,broken clouds
287,Xucheng,CN,20.35,110.1288,79.75,86,100,4.59,light rain
288,Kendari,ID,-3.945,122.4989,74.46,95,100,1.99,overcast clouds
289,Lazaro Cardenas,MX,17.9583,-102.2,85.41,56,100,1.79,overcast clouds
290,Isla Mujeres,MX,21.2311,-86.731,86.16,71,72,11.86,broken clouds
291,Waitati,NZ,-45.75,170.5667,44.8,60,34,18.68,scattered clouds
292,Rudbar,AF,30.15,62.6,100.08,11,0,6.62,clear sky
293,Kathmandu,NP,27.7167,85.3167,73.62,100,75,3.44,broken clouds
294,Male,MV,4.1748,73.5089,85.95,74,75,8.05,broken clouds
295,Kahului,US,20.8947,-156.47,75.85,81,40,18.41,scattered clouds
296,Coroisanmartin,RO,46.4,24.6,71.31,33,20,13.8,few clouds
297,Nizwa,OM,22.9333,57.5333,85.73,50,31,5.79,scattered clouds
298,Ovalle,CL,-30.5983,-71.2003,58.12,63,100,2.04,overcast clouds
299,La Ronge,CA,55.1001,-105.2842,57.45,88,100,11.5,overcast clouds
300,Coihaique,CL,-45.5752,-72.0662,43.41,100,75,0.0,fog
301,Bozoum,CF,6.3193,16.3799,73.94,84,98,2.82,light rain
302,Katangli,RU,51.7102,143.2326,49.87,88,97,4.9,overcast clouds
303,Rigaud,CA,45.4793,-74.3024,78.35,48,17,8.5,few clouds
304,Thompson,CA,55.7435,-97.8558,77.16,44,75,8.05,broken clouds
305,Hamilton,US,39.1834,-84.5333,92.95,71,0,11.5,clear sky
306,Honghu,CN,29.8206,113.4621,74.95,80,80,5.88,broken clouds
307,Sandakan,MY,5.8402,118.1179,78.48,94,20,2.3,few clouds
308,Nome,US,64.5011,-165.4064,39.27,87,100,8.05,light rain
309,Chernyy Yar,RU,48.0624,46.1091,75.15,31,95,7.0,overcast clouds
310,Tokur,RU,53.1333,132.9,53.42,99,100,5.08,light rain
311,Pir,RO,47.4667,22.3667,73.35,47,68,7.45,broken clouds
312,Pevek,RU,69.7008,170.3133,32.79,80,0,2.64,clear sky
313,Ulu Tiram,MY,1.6,103.8167,82.26,91,20,0.0,few clouds
314,Fethiye,TR,36.6217,29.1164,76.87,76,62,2.64,broken clouds
315,Pacific Grove,US,36.6177,-121.9166,74.41,72,0,10.0,clear sky
316,Fukue,JP,32.6881,128.8419,70.09,89,100,9.48,overcast clouds
317,Churapcha,RU,62.0025,132.4325,48.27,97,92,3.22,overcast clouds
318,Kurilsk,RU,45.2333,147.8833,47.57,68,0,3.36,clear sky
319,Palu,ID,-0.8917,119.8707,75.58,95,100,2.68,overcast clouds
320,Port-Gentil,GA,-0.7193,8.7815,78.76,78,40,13.8,scattered clouds
321,Nioro,GM,13.35,-15.75,90.82,46,85,7.25,light rain
322,Touros,BR,-5.1989,-35.4608,83.41,55,8,13.98,clear sky
323,Nouakchott,MR,18.0858,-15.9785,80.53,78,60,10.78,broken clouds
324,Malinovoye Ozero,RU,51.6753,79.7825,64.69,71,99,4.79,overcast clouds
325,Palmer,US,42.1584,-72.3287,79.43,45,40,9.22,scattered clouds
326,Penzance,GB,50.1186,-5.5371,63.28,59,0,12.66,clear sky
327,Rantauprapat,ID,2.1,99.8333,73.63,99,100,2.64,overcast clouds
328,Kununurra,AU,-15.7667,128.7333,57.18,77,20,0.0,few clouds
329,Walvis Bay,NA,-22.9575,14.5053,67.15,55,0,19.57,clear sky
330,Davila,PH,18.4726,120.5763,81.7,82,100,13.51,overcast clouds
331,Carnarvon,AU,-24.8667,113.6333,67.05,69,100,5.23,overcast clouds
332,Wuwei,CN,37.9281,102.6414,66.72,14,0,2.68,clear sky
333,Muros,ES,42.7762,-9.0603,81.16,74,27,4.85,scattered clouds
334,Tongchuan,CN,35.0806,109.0897,74.35,20,1,5.68,clear sky
335,Ola,RU,59.5833,151.2833,44.15,91,100,3.85,overcast clouds
336,Jiuquan,CN,39.7432,98.5174,68.5,10,1,1.03,clear sky
337,Lagoa Santa,BR,-19.6272,-43.8897,75.42,48,0,8.05,clear sky
338,Camacha,PT,33.0833,-16.3333,69.22,64,40,9.22,scattered clouds
339,Abu Kamal,SY,34.4506,40.9171,90.72,18,0,7.9,clear sky
340,Kaffrine,SN,14.1059,-15.5508,92.41,43,75,4.03,light rain
341,Cap Malheureux,MU,-19.9842,57.6142,73.47,62,71,7.0,broken clouds
342,Rexburg,US,43.826,-111.7897,50.0,54,40,19.57,scattered clouds
343,Key West,US,24.5557,-81.7826,91.4,64,40,9.22,scattered clouds
344,Nuevo Progreso,MX,23.1667,-97.95,78.85,83,100,5.73,light rain
345,Kaspiyskiy,RU,45.3929,47.3707,74.16,53,26,14.5,scattered clouds
346,Mayskiy,RU,47.6931,40.1025,80.01,75,100,8.01,overcast clouds
347,Sayat,TM,38.7839,63.8803,91.27,13,1,13.22,clear sky
348,Ulladulla,AU,-35.35,150.4667,49.93,64,3,9.22,clear sky
349,Lodja,CD,-3.4833,23.4333,80.71,52,80,2.3,broken clouds
350,Praia Da Vitoria,PT,38.7333,-27.0667,68.76,73,40,3.13,scattered clouds
351,Sarab,IR,38.6066,44.9883,77.41,32,41,3.65,scattered clouds
352,Biltine,TD,14.5333,20.9167,83.86,51,81,17.94,light rain
353,Oranjemund,NA,-28.55,16.4333,57.15,80,0,9.24,clear sky
354,Lazi,UA,48.0667,24.2333,60.37,72,91,1.72,overcast clouds
355,Port Lincoln,AU,-34.7333,135.8667,58.66,84,37,19.42,scattered clouds
356,Torit,SS,4.4133,32.5678,76.32,66,87,2.3,light rain
357,Wanaka,NZ,-44.7,169.15,32.31,87,19,7.54,few clouds
358,Nargana,PA,9.4428,-78.5906,80.74,76,99,1.48,overcast clouds
359,Tarko-Sale,RU,64.9225,77.785,60.71,85,52,7.58,broken clouds
360,Yei,SS,4.095,30.6779,71.01,85,100,1.83,light rain
361,Henties Bay,NA,-22.116,14.2845,58.59,82,14,12.33,few clouds
362,Noumea,NC,-22.2763,166.4572,75.0,99,97,10.18,overcast clouds
363,Zemio,CF,5.0314,25.1361,69.06,94,94,4.12,moderate rain
364,Waw,SS,7.7029,27.9953,83.35,52,100,2.93,overcast clouds
365,Chervishevo,RU,56.9464,65.4278,62.89,93,92,1.3,overcast clouds
366,Storforshei,NO,66.4043,14.5233,50.67,87,75,6.91,fog
367,Verkhoyansk,RU,67.5447,133.385,57.6,56,100,1.77,overcast clouds
368,Tairua,NZ,-37.0167,175.85,56.16,84,47,13.4,scattered clouds
369,Baykit,RU,61.67,96.37,59.94,67,87,1.99,overcast clouds
370,Jieshi,CN,22.8134,115.8257,78.84,86,99,2.55,light rain
371,Tombouctou,ML,20.0,-3.0,109.51,7,13,12.44,few clouds
372,Saint-Leu,RE,-21.15,55.2833,73.31,69,78,3.33,broken clouds
373,Miandrivazo,MG,-19.5167,45.4667,74.95,46,0,1.36,clear sky
374,Puerto Ayacucho,VE,5.6639,-67.6236,72.03,94,100,3.98,overcast clouds
375,Pio Xii,BR,-3.8325,-45.1525,85.69,65,20,3.71,few clouds
376,Colac,AU,-38.3333,143.5833,48.16,75,100,13.87,light rain
377,Cody,US,44.5263,-109.0565,58.01,39,20,17.0,few clouds
378,Isangel,VU,-19.55,169.2667,74.43,87,53,9.24,broken clouds
379,Batocina,RS,44.1536,21.0817,71.76,47,6,11.18,clear sky
380,Kontagora,NG,10.3999,5.4695,89.96,48,82,7.72,broken clouds
381,San Angelo,US,31.4638,-100.437,93.94,37,0,23.02,clear sky
382,Auki,SB,-8.7676,160.7034,76.77,87,45,4.74,scattered clouds
383,Adelaide,AU,-34.9333,138.6,57.85,80,75,13.8,light rain
384,Vostok,RU,46.4856,135.8833,53.04,87,3,4.34,clear sky
385,Mitsamiouli,KM,-11.3847,43.2844,78.51,71,13,5.44,few clouds
386,Haines Junction,CA,60.7522,-137.5108,48.15,81,100,2.3,overcast clouds
387,Wum,CM,6.3833,10.0667,69.03,91,89,1.16,moderate rain
388,Iberia,US,29.9502,-91.7507,91.09,55,20,9.22,few clouds
389,Mozarlandia,BR,-14.7447,-50.5706,95.22,26,23,7.07,few clouds
390,Florence,IT,43.7667,11.25,92.82,42,0,11.01,clear sky
391,Yatou,CN,37.15,122.3833,64.24,96,100,7.36,moderate rain
392,Kambove,CD,-10.8764,26.5969,62.33,52,7,2.37,clear sky
393,Adjumani,UG,3.3779,31.7909,71.35,74,87,2.62,light rain
394,Alofi,NU,-19.0595,-169.9187,67.89,100,66,3.44,broken clouds
395,Koutsouras,GR,35.0339,25.9469,82.11,48,0,7.81,clear sky
396,Gravdal,NO,68.1214,13.5031,51.69,93,75,6.91,broken clouds
397,Geraldton,AU,-28.7667,114.6,50.41,87,0,8.05,clear sky
398,Armenis,RO,45.2,22.3167,64.94,57,27,8.1,scattered clouds
399,Askiz,RU,53.1319,90.5264,63.88,89,95,5.97,moderate rain
400,Amahai,ID,-3.3333,128.9167,77.5,87,99,3.09,light rain
401,Daye,CN,30.0833,114.95,74.28,82,27,4.25,scattered clouds
402,Bowen,AU,-20.0167,148.2333,61.23,90,19,8.23,few clouds
403,Gat,IL,31.61,34.7642,79.79,7,0,8.99,clear sky
404,Keetmanshoop,NA,-26.5833,18.1333,53.94,42,22,15.1,few clouds
405,Sorland,NO,67.667,12.6934,51.66,91,99,12.01,overcast clouds
406,Khatanga,RU,71.9667,102.5,49.78,53,8,11.92,clear sky
407,San Jose,US,37.3394,-121.895,78.82,48,0,7.0,clear sky
408,Rio Grande,BR,-32.035,-52.0986,64.51,77,1,11.97,clear sky
409,Petropavlovka,RU,50.6114,105.3196,62.89,77,100,3.74,overcast clouds
410,Upernavik,GL,72.7868,-56.1549,30.45,81,66,0.49,broken clouds
411,Sao Raimundo Das Mangabeiras,BR,-7.0219,-45.4811,88.41,45,15,7.34,few clouds
412,San Vicente,AR,-26.6167,-54.1333,66.96,38,0,5.82,clear sky
413,Rawson,AR,-43.3002,-65.1023,57.54,45,22,10.71,few clouds
414,San Luis Potosi,MX,22.5,-100.5,71.02,56,88,10.51,overcast clouds
415,Gambela,ET,8.25,34.5833,76.17,79,97,4.0,light rain
416,Ostrovnoy,RU,68.0531,39.5131,52.56,73,12,9.46,few clouds
417,Dodge City,US,37.7528,-100.0171,92.25,34,0,19.57,clear sky
418,Usinsk,RU,65.9939,57.5281,58.46,72,100,10.83,overcast clouds
419,Ahuimanu,US,21.4447,-157.8378,76.35,74,20,10.36,few clouds
420,Puerto Escondido,MX,15.85,-97.0667,85.03,61,40,6.91,scattered clouds
421,Zyryanka,RU,65.75,150.85,53.73,63,70,10.78,broken clouds
422,Siloam Springs,US,36.1881,-94.5405,87.91,61,0,20.71,clear sky
423,Disna,BY,55.568,28.1971,49.6,93,100,21.14,light rain
424,Guerrero Negro,MX,27.9769,-114.0611,69.01,63,5,15.41,clear sky
425,Urozhaynoye,RU,44.7883,44.9228,75.31,44,83,12.24,broken clouds
426,Giresun,TR,40.5,38.5,46.17,95,92,0.78,overcast clouds
427,Mugumu,TZ,-1.85,34.7,60.91,87,26,3.15,moderate rain
428,Sibu,MY,2.3,111.8167,77.31,94,20,0.0,few clouds
429,Egvekinot,RU,66.3167,-179.1667,30.52,90,100,2.95,light snow
430,Nantucket,US,41.2835,-70.0995,75.34,56,0,9.22,clear sky
431,Matagami,CA,49.7502,-77.6328,71.71,46,0,6.91,clear sky
432,Samarai,PG,-10.6167,150.6667,80.91,81,35,12.28,scattered clouds
433,Port Hawkesbury,CA,45.6169,-61.3485,55.96,98,100,11.5,light rain
434,Dera Bugti,PK,29.0307,69.151,96.22,26,0,8.23,clear sky
435,Manohar Thana,IN,24.24,76.8018,91.33,47,31,6.93,scattered clouds
436,Elizabeth City,US,36.2946,-76.2511,90.01,59,0,12.66,clear sky
437,West Bay,KY,19.3667,-81.4167,87.87,78,40,12.66,scattered clouds
438,Sangar,RU,63.9242,127.4739,46.33,92,85,1.95,overcast clouds
439,Esmeraldas,BR,-19.7625,-44.3139,75.31,28,95,5.37,overcast clouds
440,Mazatlan,MX,23.2167,-106.4167,87.03,70,5,5.01,clear sky
441,Huarmey,PE,-10.0681,-78.1522,67.68,68,43,10.25,scattered clouds
442,Ilek,RU,51.5271,53.3831,64.2,56,16,5.5,few clouds
443,Umea,SE,63.8284,20.2597,66.13,42,0,17.27,clear sky
444,Tual,ID,-5.6667,132.75,82.15,79,93,16.58,overcast clouds
445,Petersburg,US,37.2279,-77.4019,88.32,64,98,6.2,moderate rain
446,Atherton,GB,53.5237,-2.4935,70.99,50,87,3.0,overcast clouds
447,Tatawin,TN,32.9297,10.4518,91.38,17,0,16.62,clear sky
448,Sombor,RS,45.7742,19.1122,75.11,48,54,7.67,broken clouds
449,Taurage,LT,55.2522,22.2897,59.31,72,17,13.67,few clouds
450,Isla Vista,US,34.4133,-119.861,80.29,61,20,6.91,few clouds
451,Yabrud,SY,33.9674,36.6574,69.06,39,44,5.61,scattered clouds
452,Chyhyryn,UA,49.0838,32.6555,66.04,66,99,14.79,overcast clouds
453,Honningsvag,NO,70.9821,25.9704,42.55,81,100,9.22,overcast clouds
454,Matara,LK,5.9485,80.5353,79.75,85,100,7.52,overcast clouds
455,Bay Roberts,CA,47.5999,-53.2648,50.05,76,100,5.99,overcast clouds
456,Menongue,AO,-14.6585,17.691,62.76,29,2,3.0,clear sky
457,Mazara Del Vallo,IT,37.6641,12.588,87.93,61,0,8.01,clear sky
458,Lorengau,PG,-2.0226,147.2712,80.35,80,65,9.37,broken clouds
459,Puerto Madryn,AR,-42.7692,-65.0385,58.64,43,26,15.82,scattered clouds
460,Karratha,AU,-20.7377,116.8463,73.74,65,40,6.29,scattered clouds
461,Varnamo,SE,57.186,14.04,68.05,50,97,10.33,overcast clouds
462,Rochegda,RU,62.8,43.25,64.99,54,94,3.58,overcast clouds
463,Aksarka,RU,66.5606,67.7975,53.24,58,17,3.33,few clouds
464,Grand Gaube,MU,-20.0064,57.6608,73.8,62,77,7.0,broken clouds
465,Coos Bay,US,43.3665,-124.2179,56.23,90,100,5.75,overcast clouds
466,Sabinas,MX,27.85,-101.1167,90.97,37,33,10.67,scattered clouds
467,Ukiah,US,39.1502,-123.2078,65.52,53,0,5.01,clear sky
468,Axim,GH,4.8699,-2.2405,80.82,76,89,11.95,overcast clouds
469,Hovd,MN,48.0056,91.6419,74.88,31,54,5.5,broken clouds
470,Thunder Bay,CA,48.4001,-89.3168,53.51,76,100,14.97,overcast clouds
471,Luba,GQ,3.4568,8.5547,84.09,83,78,9.26,light rain
472,Pangkalanbuun,ID,-2.6833,111.6167,74.52,95,89,2.42,overcast clouds
473,Aberdeen,GB,57.1437,-2.0981,63.5,63,100,8.05,overcast clouds
474,Salinopolis,BR,-0.6136,-47.3561,84.4,65,72,12.21,broken clouds
475,Piacabucu,BR,-10.4056,-36.4344,80.71,71,11,6.46,few clouds
476,Vila Velha,BR,-20.3297,-40.2925,75.15,75,75,18.41,broken clouds
477,Sale,MA,34.0389,-6.8166,75.88,83,75,5.75,broken clouds
478,Alyangula,AU,-13.8483,136.4192,71.69,83,11,9.13,few clouds
479,Teahupoo,PF,-17.8333,-149.2667,66.16,76,91,20.85,light rain
480,Severo-Yeniseyskiy,RU,60.3725,93.0408,56.01,92,96,3.15,overcast clouds
481,High Prairie,CA,55.4334,-116.4858,64.94,57,100,9.64,overcast clouds
482,Nahrin,AF,36.0649,69.1334,78.73,30,0,2.44,clear sky
483,Prince Albert,CA,53.2001,-105.7677,57.15,94,100,8.05,heavy intensity rain
484,Natal,BR,-5.795,-35.2094,88.02,51,40,14.97,scattered clouds
485,Coquimbo,CL,-29.9533,-71.3436,55.13,66,75,4.61,broken clouds
486,Ponta Do Sol,PT,32.6667,-17.1,72.23,63,11,7.72,few clouds
487,Havoysund,NO,70.9963,24.6622,43.03,82,93,9.86,overcast clouds
488,Belfast,GB,54.5833,-5.9333,63.19,60,40,9.22,scattered clouds
489,Balakhninskiy,RU,58.0106,114.2769,54.12,85,44,3.4,light rain
490,Dubbo,AU,-32.25,148.6167,33.93,100,0,8.05,clear sky
491,Sabzevar,IR,36.2126,57.6819,94.28,16,40,16.11,dust
492,Tumpat,MY,6.1978,102.171,80.58,88,20,0.0,few clouds
493,Arlit,NE,18.7369,7.3853,109.69,7,65,11.12,broken clouds
494,Shiyan,CN,32.6475,110.7781,70.47,36,0,4.7,clear sky
495,Roald,NO,62.5833,6.1333,58.15,76,75,9.22,broken clouds
496,Quepos,CR,9.4236,-84.1652,83.23,71,96,8.7,overcast clouds
497,Abu Samrah,SY,35.3029,37.1841,75.96,50,5,15.39,clear sky
498,Polkowice,PL,51.5039,16.0726,64.76,46,65,10.16,broken clouds
499,Duminichi,RU,53.9345,35.1099,59.76,73,73,9.17,broken clouds
500,Leh,IN,34.1667,77.5833,58.41,22,3,5.75,clear sky
501,Saint-Louis,SN,16.3333,-15.0,103.64,30,99,4.38,overcast clouds
502,Tucurui,BR,-3.7661,-49.6725,86.4,61,60,5.19,broken clouds
503,Constitucion,CL,-35.3333,-72.4167,53.2,79,99,10.92,overcast clouds
504,Saint-Francois,FR,46.4154,3.9054,83.64,30,0,6.91,clear sky
505,Shingu,JP,33.7333,135.9833,65.75,95,100,15.88,overcast clouds
506,Ciudad Bolivar,VE,8.1222,-63.5497,83.86,65,93,0.78,overcast clouds
507,Talara,PE,-4.5772,-81.2719,72.36,60,0,26.46,clear sky
508,Baindur,IN,13.8667,74.6333,81.59,82,71,1.19,broken clouds
509,Freeport,US,40.6576,-73.5832,80.26,50,0,9.22,clear sky
510,Bartica,GY,6.4,-58.6167,89.92,58,58,3.4,broken clouds
511,Sungaipenuh,ID,-2.0833,101.3833,65.05,98,98,0.85,overcast clouds
512,Dossor,KZ,47.5272,52.9811,78.46,23,0,13.04,clear sky
513,Auch,FR,43.65,0.5833,94.44,41,84,14.41,broken clouds
514,Inhambane,MZ,-23.865,35.3833,75.18,73,0,16.11,clear sky
515,Cotonou,BJ,6.3654,2.4183,85.98,74,20,18.41,few clouds
516,Vankleek Hill,CA,45.5168,-74.6493,76.55,58,13,8.34,few clouds
517,Pulandian,CN,39.3953,121.9669,60.76,93,100,11.99,overcast clouds
518,Malvern,US,34.3623,-92.813,88.63,71,1,9.57,clear sky
519,San Cristobal,VE,7.7669,-72.225,77.18,63,100,6.11,overcast clouds
520,Avanigadda,IN,16.0215,80.9181,91.49,55,25,5.93,scattered clouds
521,Tessalit,ML,20.1986,1.0114,104.76,11,99,12.57,overcast clouds
522,Banda Aceh,ID,5.5577,95.3222,78.46,85,61,15.17,broken clouds
523,Palasa,IN,18.7667,84.4167,82.81,69,99,4.92,overcast clouds
524,Yerbogachen,RU,61.2767,108.0108,55.65,84,64,1.01,broken clouds
525,Tiarei,PF,-17.5333,-149.3333,71.62,75,53,21.5,light rain
526,Tsuruga,JP,35.6455,136.0558,63.64,91,100,6.78,overcast clouds
527,Mecca,SA,21.4267,39.8261,92.03,25,6,11.68,clear sky
528,Tura,IN,25.5198,90.2201,73.96,99,96,2.39,overcast clouds
529,Emba,KZ,48.8264,58.1442,68.14,42,8,9.33,clear sky
530,Rovato,IT,45.5658,10.0001,85.19,54,9,6.73,clear sky
531,Beringovskiy,RU,63.05,179.3167,33.22,95,97,5.41,overcast clouds
532,Atar,MR,20.5169,-13.0499,103.32,18,41,13.67,scattered clouds
533,San Ignacio,BZ,17.1561,-89.0714,82.54,78,0,4.61,clear sky
534,Shar,KZ,49.5886,81.0453,62.71,80,67,6.44,broken clouds
535,Tucuma,BR,-0.1833,-50.05,83.59,68,63,6.64,broken clouds
536,Mehriz,IR,31.5917,54.4318,95.5,11,4,5.57,clear sky
537,Buala,SB,-8.145,159.5921,79.38,82,34,8.34,light rain
538,Piracuruca,BR,-3.9281,-41.7092,90.01,41,1,5.57,clear sky
539,Malanje,AO,-9.5402,16.341,70.43,25,52,1.68,broken clouds
540,Fowa,NG,8.9167,6.4,85.66,61,81,2.48,light rain
541,Gari,RU,59.4307,62.3497,57.29,64,83,5.97,broken clouds
542,Kysyl-Syr,RU,63.8986,122.7617,47.55,90,41,3.69,scattered clouds
543,Ferme-Neuve,CA,46.7001,-75.4493,71.33,55,35,7.25,scattered clouds
544,Fort Morgan,US,40.2503,-103.8,67.42,37,0,0.0,clear sky
545,Asfi,MA,32.2994,-9.2372,71.74,83,77,15.39,broken clouds
546,Tungor,RU,53.3808,142.9564,49.44,96,93,2.64,overcast clouds
547,Moussoro,TD,13.6408,16.4901,98.19,26,85,9.71,overcast clouds
548,Aswan,EG,24.0934,32.907,103.3,13,0,11.5,clear sky
549,Teknaf,BD,20.8624,92.3058,81.5,88,80,6.26,broken clouds
550,Marsa Matruh,EG,31.3525,27.2453,75.4,78,20,13.8,few clouds
551,Murakami,JP,38.2333,139.4833,54.86,81,100,6.46,overcast clouds
552,Ratnagiri,IN,16.9833,73.3,82.49,81,96,5.35,overcast clouds
553,Shihezi,CN,44.3,86.0333,74.16,61,100,8.21,overcast clouds
554,Fort Nelson,CA,58.8053,-122.7002,62.19,42,20,10.36,few clouds
555,Itarema,BR,-2.9248,-39.9167,83.73,59,3,14.32,clear sky
556,Saint-Georges,GD,12.0564,-61.7485,83.88,79,75,17.27,broken clouds
557,Hanover,DE,52.3705,9.7332,73.83,49,0,1.14,clear sky
558,Saint-Pierre,RE,-21.3393,55.4781,73.9,49,0,6.91,clear sky
559,Cockburn Town,TC,21.4612,-71.1419,80.4,78,7,17.78,clear sky
560,Mbandaka,CD,0.0487,18.2603,76.46,79,88,3.71,overcast clouds
561,Det Udom,TH,14.906,105.0784,80.42,74,100,5.93,overcast clouds
562,Amazar,RU,53.858,120.875,55.69,75,55,1.86,broken clouds
563,Shenjiamen,CN,29.9576,122.298,71.64,93,100,11.56,overcast clouds
564,Sao Caitano,BR,-8.3258,-36.1428,78.03,66,55,9.73,broken clouds
565,Charagua,BO,-19.8,-63.2167,74.77,25,0,10.71,clear sky
566,Cochabamba,BO,-17.3895,-66.1568,65.19,20,0,1.99,clear sky
567,Meadow Lake,US,34.8014,-106.5436,85.41,19,0,16.84,clear sky
568,Barcelona,ES,41.3888,2.159,93.72,49,20,6.91,few clouds
569,Siilinjarvi,FI,63.0833,27.6667,66.22,55,20,2.3,few clouds
570,Jingdezhen,CN,29.2947,117.2079,70.21,95,70,1.32,heavy intensity rain
571,Takoradi,GH,4.8845,-1.7554,81.46,73,82,14.0,broken clouds
572,Le Vauclin,MQ,14.5452,-60.8388,80.85,100,75,17.27,mist
573,Yenagoa,NG,4.9247,6.2642,78.76,87,97,6.08,moderate rain
574,Sinnamary,GF,5.3833,-52.95,82.31,73,24,6.6,few clouds
575,Bonavista,CA,48.6499,-53.1147,43.93,82,100,12.19,overcast clouds
576,Kotturu,IN,14.8167,76.2167,79.68,66,80,15.93,broken clouds
577,Port Macquarie,AU,-31.4333,152.9167,43.9,85,10,5.82,clear sky
578,Gazojak,TM,41.1875,61.4036,93.18,12,93,10.8,overcast clouds
579,Fez,MA,34.0372,-4.9998,106.05,21,40,3.44,scattered clouds
580,Zeerust,ZA,-25.5369,26.0751,60.13,42,100,6.24,overcast clouds
581,Bela,IN,25.9333,81.9833,102.58,25,43,13.24,scattered clouds
582,Kindersley,CA,51.4668,-109.1682,55.42,67,20,14.97,few clouds
583,Ilheus,BR,-14.7889,-39.0494,80.42,74,75,16.11,broken clouds
584,Dingle,PH,10.9995,122.6711,78.15,84,57,2.62,broken clouds
585,Kushmurun,KZ,52.4503,64.6311,61.12,62,70,6.89,broken clouds
586,Ust-Charyshskaya Pristan,RU,52.3934,83.6635,60.75,95,96,4.27,light rain
587,Lethem,GY,3.3803,-59.7968,83.25,70,51,2.57,broken clouds
588,Tocopilla,CL,-22.092,-70.1979,64.89,65,5,8.16,clear sky
589,Kozhva,RU,65.1073,57.0459,57.85,72,100,3.27,overcast clouds
590,Xiaoweizhai,CN,26.1903,107.5125,65.26,86,79,3.09,broken clouds
591,Along,IN,28.1667,94.7667,72.46,100,100,0.96,light rain
592,Lieksa,FI,63.3167,30.0167,60.57,70,100,3.83,overcast clouds
593,Batticaloa,LK,7.7102,81.6924,75.92,83,95,9.75,overcast clouds
594,Nalut,LY,30.3333,10.85,90.16,11,0,12.21,clear sky
595,Hit,IQ,33.6416,42.8251,93.2,22,0,9.75,clear sky
596,Marzuq,YE,14.4,46.4667,85.42,19,55,3.67,broken clouds
597,Dargaville,NZ,-35.9333,173.8833,57.0,81,15,13.91,few clouds
598,Udachnyy,RU,66.4167,112.4,66.45,27,77,6.89,broken clouds
599,Kestel,TR,40.1983,29.2124,76.48,71,7,4.14,clear sky
600,Kananga,CD,-5.8958,22.4178,81.99,38,72,1.77,broken clouds
601,Weiden,DE,49.6775,12.1567,75.42,35,0,3.44,clear sky
602,Trelew,AR,-43.249,-65.3051,58.64,39,30,13.42,scattered clouds
603,Derzhavinsk,KZ,51.1,66.3167,62.98,56,61,7.67,broken clouds
604,Zabid,YE,14.1951,43.3152,86.88,70,75,9.86,broken clouds
605,Umm Bab,QA,25.2142,50.8072,89.92,61,0,7.4,clear sky
606,Jibuti,DJ,11.5,42.5,92.53,25,47,10.16,scattered clouds
607,Weligama,LK,5.9667,80.4167,79.9,85,100,7.78,overcast clouds
608,Lokomotivnyy,RU,53.0118,60.5684,60.39,59,23,2.06,few clouds
609,Kautokeino,NO,69.0125,23.0412,49.64,77,100,14.99,overcast clouds
610,Sao Luiz Gonzaga,BR,-28.4083,-54.9608,64.98,62,0,8.21,clear sky
611,Havre-Saint-Pierre,CA,50.2334,-63.5986,66.56,55,0,10.36,clear sky
612,Mangan,IN,27.5167,88.5333,75.67,100,100,2.15,overcast clouds
613,Bonfim,BR,3.0833,-59.95,81.64,72,80,1.97,broken clouds
614,Blanquefort,FR,44.9125,-0.6366,96.31,41,0,8.05,clear sky
615,Nanortalik,GL,60.1432,-45.2371,41.86,61,54,9.13,broken clouds
616,Kamoke,PK,31.9744,74.2244,102.25,16,0,3.83,clear sky
617,Metro,ID,-5.1131,105.3067,74.71,91,41,3.98,scattered clouds
618,Chibombo,ZM,-14.6569,28.0706,63.1,43,2,3.67,clear sky
619,Tukrah,LY,32.5341,20.5791,75.24,76,0,9.01,clear sky
620,Pisco,PE,-13.7,-76.2167,64.45,63,100,3.44,overcast clouds
621,Prozor,BA,43.8222,17.6092,66.51,67,17,5.26,few clouds
622,Puerto Cabello,VE,10.4731,-68.0125,72.95,69,94,6.82,overcast clouds
623,Imbituba,BR,-28.24,-48.6703,66.09,84,17,5.99,few clouds
624,Lianzhou,CN,24.7811,112.3825,72.82,98,100,1.81,overcast clouds
625,Macau,MO,22.2006,113.5461,78.6,94,20,3.44,few clouds
626,Alpena,US,45.0617,-83.4327,64.72,74,20,5.99,few clouds
627,Kyshtovka,RU,56.555,76.6271,56.52,98,97,8.7,moderate rain
628,Macomb,US,40.4592,-90.6718,92.46,58,0,14.97,clear sky
629,Navahrudak,BY,53.6,25.8333,53.89,88,20,14.81,light rain
630,Chinsali,ZM,-10.5414,32.0816,62.65,57,4,5.57,clear sky
631,Labuhan,ID,-6.8844,112.2051,79.27,85,65,10.27,broken clouds
632,Strai,NO,58.2,7.9,66.79,40,0,11.5,clear sky
633,Vestmanna,FO,62.1564,-7.1664,50.92,100,100,8.05,mist
634,Muzhi,RU,65.3667,64.6667,57.15,52,35,2.53,scattered clouds
635,Waingapu,ID,-9.6567,120.2641,76.51,86,89,9.91,overcast clouds
636,Bilibino,RU,68.0546,166.4372,49.78,48,0,4.54,clear sky
637,Gazimurskiy Zavod,RU,51.5461,118.3266,52.2,66,7,2.37,clear sky
638,Sarh,TD,9.1429,18.3923,80.82,63,92,4.92,overcast clouds
639,Teluk Nibung,ID,3.001,99.8164,77.56,88,100,1.19,overcast clouds
640,Kaseda,JP,31.4167,130.3167,70.95,97,100,7.63,light rain
641,Novoseleznevo,RU,55.6821,69.2056,51.57,89,100,7.05,overcast clouds
642,Qandala,SO,11.472,49.8728,91.26,49,17,7.2,few clouds
643,Sao Joao Da Barra,BR,-21.6403,-41.0511,73.49,60,84,10.56,broken clouds
644,Lunenburg,CA,44.3835,-64.3155,67.05,96,95,9.22,overcast clouds
645,Najran,SA,17.4924,44.1277,95.65,10,12,7.16,few clouds
646,Baft,IR,29.234,56.6057,76.03,26,83,3.94,broken clouds
647,Marquette,US,46.5333,-87.6335,69.24,79,92,13.8,overcast clouds
648,Apomu,NG,7.3333,4.1833,76.96,90,99,4.9,moderate rain
649,Ambovombe,MG,-25.1667,46.0833,69.44,79,40,6.42,scattered clouds
650,Dmitrovsk-Orlovskiy,RU,52.505,35.1464,59.9,82,69,10.16,broken clouds
651,Porteirinha,BR,-15.7433,-43.0283,77.49,52,96,11.65,overcast clouds
652,Te Anau,NZ,-45.4167,167.7167,41.7,85,98,7.05,overcast clouds
653,Beian,NO,63.6559,9.5683,52.0,93,75,19.57,light intensity drizzle
654,Pocao De Pedras,BR,-4.6667,-44.85,84.25,70,27,2.57,scattered clouds
655,Maniitsoq,GL,65.4167,-52.9,38.98,67,7,18.57,clear sky
656,Qunduz,AF,36.729,68.857,90.43,19,3,2.46,clear sky
657,Ereymentau,KZ,51.6199,73.1033,56.21,73,33,6.8,scattered clouds
658,Nsanje,MW,-16.92,35.262,69.21,67,5,3.8,clear sky
659,Vryburg,ZA,-26.9566,24.7284,54.77,44,89,14.63,overcast clouds
660,Varzelandia,BR,-15.7014,-44.0275,76.64,51,81,9.75,broken clouds
661,Port Charlotte,US,26.9762,-82.0906,95.0,63,75,6.91,broken clouds
662,Iisalmi,FI,63.5592,27.1907,59.85,87,91,3.11,light rain
663,Bayan,CN,46.0833,127.4,62.76,86,85,3.91,overcast clouds
664,Teguise,ES,29.0605,-13.564,75.42,47,0,11.5,clear sky
665,Nouadhibou,MR,20.931,-17.0347,76.98,65,1,23.02,sand
666,Bulungu,CD,-4.55,18.6,81.7,48,71,3.24,broken clouds
667,Hoi An,VN,15.8794,108.335,80.56,82,100,5.66,overcast clouds
668,Ust-Kulom,RU,61.6864,53.6902,57.04,86,83,4.63,broken clouds
669,Urdoma,RU,61.7533,48.5442,60.82,82,82,2.35,broken clouds
670,Altus,US,34.6381,-99.334,89.67,48,0,26.46,clear sky
671,Ugoofaaru,MV,5.6667,73.0,83.3,74,82,12.8,broken clouds
672,Mpanda,TZ,-6.3655,31.0409,71.28,52,47,1.61,scattered clouds
673,Hilversum,NL,52.2233,5.1764,71.26,52,9,8.7,clear sky
674,Fenoarivo,MG,-18.933,47.4354,59.07,88,75,9.22,broken clouds
675,Samarkand,UZ,39.6542,66.9597,80.02,34,4,2.3,clear sky
676,Barbastro,ES,42.0356,0.1269,95.54,23,33,12.62,scattered clouds
677,Nago,JP,26.5881,127.9761,79.65,88,100,13.35,heavy intensity rain
678,Aksu,CN,41.1231,80.2644,82.58,21,12,2.04,few clouds
679,Ous,RU,60.9058,61.5186,59.97,48,83,6.17,broken clouds
680,Acajutla,SV,13.5928,-89.8275,80.73,77,100,9.75,overcast clouds
681,Emmett,US,43.8735,-116.4993,57.36,49,49,3.49,scattered clouds
682,Labrea,BR,-7.2586,-64.7981,85.05,50,82,3.69,broken clouds
683,Mao,ES,39.8885,4.2658,86.56,30,0,8.05,clear sky
684,Daru,PG,-9.0763,143.2092,78.19,90,33,14.56,scattered clouds
685,Manta,EC,-0.95,-80.7333,76.78,78,75,11.5,broken clouds
686,Padang,ID,-0.9492,100.3543,76.12,89,88,3.85,overcast clouds
687,Hof,DE,50.3167,11.9167,72.75,35,0,3.44,clear sky
688,Bodden Town,KY,19.2833,-81.25,87.8,66,40,12.66,scattered clouds
689,Tevriz,RU,57.509,72.4042,53.46,84,90,7.83,overcast clouds
690,Talaya,RU,61.3833,152.75,45.37,75,100,5.39,overcast clouds
691,Quixada,BR,-4.9714,-39.0153,88.45,31,5,8.75,clear sky
692,Belaya Gora,RU,68.5333,146.4167,58.23,44,91,7.78,overcast clouds
693,Gondanglegi,ID,-7.7479,112.0132,74.98,94,88,3.47,overcast clouds
694,Labuan,MY,5.2767,115.2417,77.36,94,20,0.0,few clouds
695,Chernogolovka,RU,56.0,38.3667,66.36,84,73,10.04,broken clouds
696,Lotoshino,RU,56.2267,35.6414,58.84,91,96,9.91,overcast clouds
697,Karabuk,TR,41.2049,32.6277,65.8,88,92,3.53,overcast clouds
698,Imeni Poliny Osipenko,RU,52.4201,136.4853,62.65,86,92,2.01,overcast clouds
699,Haimen,CN,23.1935,116.6142,75.09,90,100,1.97,overcast clouds
700,Ashland,US,40.8167,-82.2665,78.96,92,100,0.63,overcast clouds
701,Uaua,BR,-9.8414,-39.4817,82.81,49,84,15.48,broken clouds
702,Chirongui,YT,-12.9319,45.1483,76.93,73,1,6.17,clear sky
703,Maragogi,BR,-9.0122,-35.2225,80.22,73,24,8.12,few clouds
704,Christchurch,NZ,-43.5333,172.6333,36.41,100,20,1.14,fog
705,Lakatoro,VU,-16.0999,167.4164,77.76,81,12,8.19,few clouds
706,Manacapuru,BR,-3.2997,-60.6206,78.69,84,97,1.19,overcast clouds
707,Azul,AR,-36.777,-59.8585,55.35,44,100,11.34,overcast clouds
708,Phuket,TH,8.0,98.25,88.12,87,20,1.14,few clouds
709,Colesberg,ZA,-30.72,25.0972,46.22,45,58,14.54,broken clouds
710,Odweyne,SO,9.4092,45.064,80.37,44,36,21.23,scattered clouds
711,Mogadishu,SO,2.0371,45.3438,79.0,80,71,18.95,broken clouds
712,Macas,EC,-2.3167,-78.1167,73.15,68,75,6.91,broken clouds
713,Kadipaten,ID,-8.1357,113.2158,74.35,95,52,1.07,broken clouds
714,Kannangad,IN,12.3081,75.1063,81.07,83,25,4.07,scattered clouds
715,Belyy Yar,RU,53.6039,91.3903,71.49,64,0,2.24,clear sky
716,Zhuanghe,CN,39.7008,122.9911,62.49,88,100,6.89,overcast clouds
717,Bukama,CD,-9.2,25.85,78.08,34,30,3.67,scattered clouds
718,Ust-Tsilma,RU,65.441,52.1498,62.49,64,88,1.32,overcast clouds
